{"cameraMode":{"drawMode":0,"name":"Shaded","section":"Shading Mode"},"sceneLighting":true,"audioPlay":false,"sceneViewState":{"showFog":true,"showMaterialUpdate":false,"showSkybox":true,"showFlares":true,"showImageEffects":true,"showParticleSystems":true},"in2DMode":false,"pivot":{"x":1.7907562255859376,"y":1.8554458618164063,"z":1.0127677917480469},"rotation":{"x":0.48339587450027468,"y":0.1698767989873886,"z":-0.09622645378112793,"w":0.8533526659011841},"size":12.5443696975708,"orthographic":true}