{"cameraMode":{"drawMode":0,"name":"Shaded","section":"Shading Mode"},"sceneLighting":true,"audioPlay":false,"sceneViewState":{"showFog":true,"showMaterialUpdate":false,"showSkybox":true,"showFlares":true,"showImageEffects":true,"showParticleSystems":true},"in2DMode":false,"pivot":{"x":-0.14727783203125,"y":2.2529296875,"z":-6.8349609375},"rotation":{"x":0.058429572731256488,"y":0.035930801182985309,"z":-0.0021043855231255295,"w":0.9976402521133423},"size":3.143681764602661,"orthographic":true}